DE,COMUNA,BARRIO,POINT_X,POINT_Y,Escuela_DE,NEAR_FID,NEAR_DIST
6.00000000000,3.00000000000,SAN CRISTOBAL,104894.07399999999,100906.58590000001,15_6,"26",1100.31371506000
16.00000000000,12.00000000000,VILLA PUEYRREDON,96919.42210000000,104883.83060000000,17_16,"23",1507.23274435000
1.00000000000,2.00000000000,RECOLETA,106519.18110000000,104333.43979999999,1_1,"10",1847.31030288000
1.00000000000,1.00000000000,RETIRO,107197.15600000000,104102.41660000000,2_1,"10",1357.96255136000
1.00000000000,2.00000000000,RECOLETA,106853.14659999999,103693.44030000000,3_1,"10",1884.52311715000
1.00000000000,1.00000000000,SAN NICOLAS,108338.08270000000,102974.39430000000,4_1,"10",1971.55502427000
1.00000000000,1.00000000000,SAN NICOLAS,106605.13150000000,103200.46189999999,5_1,"21",1787.39732787000
1.00000000000,1.00000000000,RETIRO,107915.13610000000,104016.38840000000,6_1,"10",990.98578248100
1.00000000000,1.00000000000,SAN NICOLAS,107139.11780000001,103161.44040000001,8_1,"10",2107.43661931000
1.00000000000,1.00000000000,SAN NICOLAS,107399.63120000000,102549.21610000001,9_1,"11",1860.99300815000
1.00000000000,3.00000000000,BALVANERA,105771.13570000000,102849.50490000000,10_1,"21",1080.60436697000
1.00000000000,14.00000000000,PALERMO,104785.24760000000,104980.49800000001,12_1,"21",1607.40394090000
1.00000000000,1.00000000000,SAN NICOLAS,108193.08490000000,102948.40100000000,13_1,"10",1997.30560353000
1.00000000000,3.00000000000,BALVANERA,105931.12000000000,102562.50470000000,14_1,"21",1370.72154668000
2.00000000000,5.00000000000,ALMAGRO,104195.15119999999,102366.58210000000,18_2,"1",396.58429562100
3.00000000000,1.00000000000,MONTSERRAT,107135.33430000000,101406.96460000001,13_3,"11",1284.14173528000
5.00000000000,4.00000000000,BARRACAS,108023.94390000000,99499.48639999999,3_5,"4",1148.19711980000
5.00000000000,1.00000000000,CONSTITUCION,106775.99290000000,99991.52760000000,4_5,"11",1820.13123395000
2.00000000000,5.00000000000,ALMAGRO,103749.19289999999,103118.58370000000,19_2,"1",608.24702336600
2.00000000000,5.00000000000,ALMAGRO,103390.21360000000,103416.59209999999,20_2,"1",1001.69915922000
2.00000000000,5.00000000000,ALMAGRO,104425.15320000000,102539.56849999999,22_2,"1",598.09183509200
5.00000000000,4.00000000000,BARRACAS,107621.91929999999,98697.52140000000,5_5,"28",1248.69893481000
5.00000000000,1.00000000000,CONSTITUCION,107124.97199999999,99684.51990000000,6_5,"11",1739.21161389000
5.00000000000,4.00000000000,BARRACAS,108105.97250000000,100226.46640000000,7_5,"11",746.10048850100
9.00000000000,13.00000000000,COLEGIALES,101066.39659999999,106519.61920000000,16_9,"8",1988.22613001000
9.00000000000,14.00000000000,PALERMO,103754.40330000001,104807.96450000000,17_9,"8",1765.84003703000
9.00000000000,15.00000000000,VILLA CRESPO,102719.24510000000,103805.61139999999,18_9,"8",1200.40482201000
9.00000000000,15.00000000000,VILLA CRESPO,101699.28079999999,104103.64750000001,19_9,"8",716.22493678900
9.00000000000,14.00000000000,PALERMO,103608.28760000000,105296.54020000000,20_9,"8",1706.07847330000
9.00000000000,14.00000000000,PALERMO,102582.39290000001,107250.53900000000,30_9,"8",2561.60837337000
18.00000000000,10.00000000000,MONTE CASTRO,95361.27959999999,100648.99210000000,1_18,"17",2034.08400146000
18.00000000000,10.00000000000,MONTE CASTRO,95804.27730000000,100834.96930000000,2_18,"17",1583.42993899000
10.00000000000,13.00000000000,NUÃ‘EZ,100218.50599999999,108665.60610000000,9_10,"22",2409.44181918000
10.00000000000,13.00000000000,NUÃ‘EZ,100261.52580000000,109158.59310000000,10_10,"9",2424.20462808000
10.00000000000,13.00000000000,BELGRANO,102729.45400000000,108783.49800000001,11_10,"8",4092.44746963000
10.00000000000,13.00000000000,NUÃ‘EZ,99362.51070000000,108313.65010000000,12_10,"9",1693.54482799000
10.00000000000,13.00000000000,NUÃ‘EZ,100865.49310000001,108707.57799999999,20_10,"22",2824.03821044000
10.00000000000,12.00000000000,SAAVEDRA,98672.17370000000,108819.41680000001,21_10,"9",865.13781873800
10.00000000000,13.00000000000,BELGRANO,101065.48110000000,108529.57360000000,22_10,"22",2834.99716950000
19.00000000000,8.00000000000,VILLA SOLDATI,101313.96320000000,96332.84010000000,20_19,"6",699.89684506500
19.00000000000,8.00000000000,VILLA SOLDATI,101345.71410000000,96558.31310000000,21_19,"12",679.02636153500
19.00000000000,4.00000000000,NUEVA POMPEYA,102824.00370000000,98113.73620000000,22_19,"16",118.48020311100
19.00000000000,4.00000000000,NUEVA POMPEYA,103640.92260000001,96624.73570000000,5_19,"13",1755.47778869000
19.00000000000,8.00000000000,VILLA SOLDATI,101336.97250000000,96566.83379999999,7_19,"12",667.66922045700
20.00000000000,8.00000000000,VILLA LUGANO,97247.99040000000,94784.04600000000,22_20,"5",261.23376777100
21.00000000000,8.00000000000,VILLA RIACHUELO,98837.28860000000,93564.22980000000,13_21,"20",1107.73065699000
21.00000000000,8.00000000000,VILLA LUGANO,98671.92710000000,94046.00290000001,14_21,"20",1247.36622093000
21.00000000000,8.00000000000,VILLA LUGANO,99969.87190000000,93433.96230000000,15_21,"18",386.80096994900
7.00000000000,6.00000000000,CABALLITO,102732.14870000001,101516.66280000001,3_7,"1",1482.35930512000
7.00000000000,6.00000000000,CABALLITO,101101.14509999999,100550.75330000000,4_7,"14",2295.00252497000
7.00000000000,7.00000000000,FLORES,100289.20329999999,101495.76590000000,5_7,"29",1947.19979873000
7.00000000000,15.00000000000,VILLA CRESPO,101558.23430000000,102921.68020000000,6_7,"8",1886.75857611000
7.00000000000,6.00000000000,CABALLITO,100961.06800000000,102234.87230000000,8_7,"29",2348.39074353000
7.00000000000,11.00000000000,VILLA GRAL. MITRE,99776.25560000000,102464.76549999999,9_7,"29",1148.00639206000
7.00000000000,6.00000000000,CABALLITO,100472.23130000000,102261.74080000000,11_7,"29",1860.08698511000
7.00000000000,7.00000000000,FLORES,100240.20620000000,101538.76700000001,12_7,"29",1882.98343747000
7.00000000000,11.00000000000,VILLA GRAL. MITRE,100013.22900000001,101957.76700000001,13_7,"29",1491.43910348000
7.00000000000,6.00000000000,CABALLITO,101636.18590000000,101809.70220000000,14_7,"1",2302.19276751000
7.00000000000,6.00000000000,CABALLITO,102483.16720000000,101821.66640000000,15_7,"1",1512.82430440000
7.00000000000,15.00000000000,VILLA CRESPO,101322.22340000000,102532.69899999999,16_7,"8",2323.64579093000
7.00000000000,15.00000000000,VILLA CRESPO,102305.71600000000,103048.15560000000,17_7,"1",1612.38985925000
7.00000000000,6.00000000000,CABALLITO,100955.17200000001,101110.74670000000,24_7,"29",2716.26985262000
7.00000000000,6.00000000000,CABALLITO,100800.18320000000,101294.74900000000,25_7,"29",2489.72266571000
8.00000000000,7.00000000000,PARQUE CHACABUCO,101630.08930000001,99505.75480000000,1_8,"14",1132.06264972000
8.00000000000,7.00000000000,PARQUE CHACABUCO,102491.06080000001,99294.72340000000,2_8,"14",1018.36935556000
11.00000000000,9.00000000000,PARQUE AVELLANEDA,99457.08480000000,98224.87510000000,20_11,"0",1723.35182385000
11.00000000000,9.00000000000,PARQUE AVELLANEDA,99221.10320000000,98535.87790000001,21_11,"25",1993.69958866000
15.00000000000,12.00000000000,COGHLAN,98592.48070000000,107184.70800000000,15_15,"22",724.91642740200
15.00000000000,12.00000000000,VILLA URQUIZA,98412.42270000000,105704.74920000001,16_15,"22",1060.09295024000
15.00000000000,12.00000000000,VILLA URQUIZA,97164.49860000001,106838.77589999999,17_15,"23",1718.87148283000
15.00000000000,12.00000000000,SAAVEDRA,97062.26070000000,108556.51820000001,18_15,"9",923.08595857800
15.00000000000,12.00000000000,SAAVEDRA,96427.05280000000,107313.28870000000,19_15,"23",1610.42526622000
15.00000000000,12.00000000000,VILLA URQUIZA,98715.44160000001,106318.72250000000,21_15,"22",391.54296117600
15.00000000000,12.00000000000,COGHLAN,98455.50100000000,107592.70450000001,22_15,"22",1145.06737897000
17.00000000000,11.00000000000,VILLA SANTA RITA,97720.28389999999,102025.86180000000,18_17,"29",1031.66616608000
17.00000000000,11.00000000000,VILLA DEVOTO,94440.37990000000,102538.98789999999,19_17,"17",3409.13134727000
17.00000000000,11.00000000000,VILLA DEVOTO,94754.37720000000,102644.97229999999,20_17,"17",3200.67085619000
17.00000000000,11.00000000000,VILLA DEL PARQUE,97901.30989999999,102743.83790000000,21_17,"29",763.48057300900
17.00000000000,11.00000000000,VILLA DEVOTO,95015.33080000000,101681.98320000000,22_17,"17",2522.17815632000
17.00000000000,11.00000000000,VILLA DEVOTO,95896.39060000000,103581.90310000000,23_17,"23",2269.51689388000
17.00000000000,10.00000000000,MONTE CASTRO,96551.31370000000,102105.90900000000,24_17,"17",1529.25677291000
17.00000000000,11.00000000000,VILLA DEL PARQUE,97252.34410000000,103206.85460000001,2_17,"29",1541.55367251000
1.00000000000,14.00000000000,PALERMO,105002.23669999999,104837.49210000000,16_1,"21",1474.43137457000
1.00000000000,2.00000000000,RECOLETA,106691.18350000000,104483.42920000000,21_1,"10",1637.56582334000
6.00000000000,4.00000000000,PARQUE PATRICIOS,105605.00010000000,99530.58730000000,94_6,"26",761.51054287100
6.00000000000,4.00000000000,PARQUE PATRICIOS,105605.00010000000,99530.58730000000,91_6,"26",761.51054287100
6.00000000000,4.00000000000,PARQUE PATRICIOS,105605.00010000000,99530.58730000000,92_6,"26",761.51054287100
13.00000000000,9.00000000000,MATADEROS,97726.07080000000,96956.97659999999,19_13,"25",1332.19767915000
15.00000000000,12.00000000000,SAAVEDRA,97526.40690000000,107491.63540000000,12_15,"9",1593.83687716000
15.00000000000,12.00000000000,SAAVEDRA,97269.56570000001,108492.73390000001,13_15,"9",800.23106517500
15.00000000000,12.00000000000,SAAVEDRA,97048.57670000001,108633.74000000001,14_15,"9",895.88827020900
15.00000000000,12.00000000000,VILLA URQUIZA,98536.26220000000,106911.64040000000,24_15,"22",567.73133732500
15.00000000000,15.00000000000,VILLA ORTUZAR,99449.40370000000,105813.70320000000,26_15,"22",892.95201456100
15.00000000000,15.00000000000,PARQUE CHAS,98278.39280000000,104920.77260000000,27_15,"22",1815.56282763000
3.00000000000,1.00000000000,MONTSERRAT,106728.05190000001,101372.49830000001,2_3,"11",1660.56959627000
4.00000000000,4.00000000000,BOCA,109236.15660000000,100206.82750000000,8_4,"2",612.61581450500
4.00000000000,4.00000000000,BOCA,109377.88860000001,98915.44270000000,9_4,"4",464.68119651400
4.00000000000,4.00000000000,BOCA,109530.89260000001,99093.43230000000,10_4,"4",672.03382584800
4.00000000000,4.00000000000,BOCA,108781.91140000000,99136.46270000000,11_4,"4",373.32534266800
6.00000000000,3.00000000000,SAN CRISTOBAL,105353.06190000000,100865.56750000000,17_6,"26",1154.03396087000
6.00000000000,5.00000000000,ALMAGRO,104016.59720000000,101507.00049999999,18_6,"1",1025.97193546000
6.00000000000,5.00000000000,ALMAGRO,104268.09130000000,100980.61050000000,22_6,"26",1331.26413034000
6.00000000000,5.00000000000,BOEDO,104297.01530000000,99186.64999999999,23_6,"26",861.21430862200
6.00000000000,5.00000000000,BOEDO,103739.05929999999,99932.65650000000,25_6,"26",1162.97222727000
6.00000000000,5.00000000000,BOEDO,103957.04420000000,99691.65280000000,26_6,"26",945.07603788100
7.00000000000,15.00000000000,VILLA CRESPO,101199.23680000000,102785.69839999999,21_7,"8",2125.14933040000
7.00000000000,15.00000000000,VILLA CRESPO,102218.22820000000,103131.64770000000,22_7,"8",1642.93326267000
7.00000000000,5.00000000000,ALMAGRO,103286.16499999999,102202.62400000000,23_7,"1",625.24336901600
7.00000000000,15.00000000000,VILLA CRESPO,102117.24080000000,103377.64640000000,1_7,"8",1386.81884789000
7.00000000000,15.00000000000,VILLA CRESPO,101962.24520000000,103397.65250000000,2_7,"8",1361.16237932000
11.00000000000,7.00000000000,FLORES,101223.05409999999,98449.79580000001,22_11,"24",418.82502887000
11.00000000000,7.00000000000,FLORES,100270.07490000001,98429.83630000000,23_11,"24",1339.03252468000
11.00000000000,7.00000000000,FLORES,100884.09880000001,99330.79010000000,24_11,"24",1283.27469164000
19.00000000000,8.00000000000,VILLA SOLDATI,103229.92690000001,96504.75569999999,9_19,"6",1425.83175029000
12.00000000000,7.00000000000,FLORES,100060.04300000001,100186.03400000000,1_12,"24",2461.37502274000
12.00000000000,7.00000000000,FLORES,100170.81710000000,100106.80220000001,2_12,"24",2330.57320146000
12.00000000000,7.00000000000,FLORES,100027.38099999999,100167.45250000000,19_12,"24",2467.57280113000
12.00000000000,10.00000000000,FLORESTA,98296.17130000000,99656.89139999999,23_12,"17",1480.30516105000
12.00000000000,10.00000000000,FLORESTA,98224.19960000001,100291.88000000000,24_12,"17",992.29683202600
13.00000000000,10.00000000000,VILLA LURO,96650.17350000000,98819.97950000000,1_13,"19",1860.86840258000
13.00000000000,9.00000000000,MATADEROS,96958.10090000000,97258.00199999999,2_13,"19",973.28335008700
13.00000000000,9.00000000000,MATADEROS,96689.10810000000,97284.01270000001,3_13,"19",717.95839000200
13.00000000000,9.00000000000,MATADEROS,96359.13370000001,97715.01680000000,4_13,"19",732.34336093400
13.00000000000,9.00000000000,PARQUE AVELLANEDA,99238.11950000000,97450.23020000001,5_13,"25",927.44190960100
13.00000000000,10.00000000000,VILLA LURO,97090.70419999999,99025.99640000000,6_13,"17",1823.97095919000
13.00000000000,10.00000000000,VILLA LURO,97270.14240000000,98413.96270000000,7_13,"19",1843.68926114000
13.00000000000,9.00000000000,PARQUE AVELLANEDA,98859.85440000000,96686.59269999999,8_13,"25",189.51493055600
13.00000000000,8.00000000000,VILLA LUGANO,98286.02980000000,96282.96840000000,9_13,"25",760.40692882300
13.00000000000,9.00000000000,PARQUE AVELLANEDA,98852.10070000000,98276.89930000000,10_13,"25",1728.00332808000
13.00000000000,9.00000000000,PARQUE AVELLANEDA,97760.10590000000,97810.95580000000,20_13,"25",1762.22805986000
13.00000000000,9.00000000000,PARQUE AVELLANEDA,97836.12880000001,98395.93930000000,21_13,"25",2176.01238001000
18.00000000000,10.00000000000,FLORESTA,97866.19409999999,99966.90240000001,23_18,"17",983.04960288500
18.00000000000,10.00000000000,VERSALLES,94386.25850000000,99620.05640000000,24_18,"19",3014.12419390000
18.00000000000,10.00000000000,VERSALLES,94574.27009999999,99999.03990000000,25_18,"17",2932.32368370000
19.00000000000,4.00000000000,NUEVA POMPEYA,103867.08630000000,98424.59140000000,1_19,"16",1180.53550591000
19.00000000000,4.00000000000,NUEVA POMPEYA,103928.93940000000,97179.71100000000,2_19,"16",1561.09677191000
19.00000000000,4.00000000000,NUEVA POMPEYA,103786.96990000000,97830.70220000000,3_19,"16",1121.16928321000
19.00000000000,7.00000000000,FLORES,102511.00780000001,98042.75100000000,4_19,"16",237.41095475600
19.00000000000,4.00000000000,NUEVA POMPEYA,104206.92060000000,96882.70610000000,6_19,"7",1623.19939807000
19.00000000000,8.00000000000,VILLA SOLDATI,103147.91790000000,96650.80510000000,8_19,"13",1397.86112747000
16.00000000000,11.00000000000,VILLA DEVOTO,94863.39760000000,103189.95540000001,7_16,"23",2804.68455849000
16.00000000000,11.00000000000,VILLA DEVOTO,94871.43050000000,103977.93710000000,8_16,"23",2069.99595879000
16.00000000000,12.00000000000,VILLA URQUIZA,96831.49000000001,106453.79859999999,9_16,"23",1230.88903172000
16.00000000000,15.00000000000,AGRONOMIA,96986.38649999999,104073.84610000000,11_16,"23",2156.01386821000
16.00000000000,12.00000000000,VILLA URQUIZA,96372.52099999999,106942.80680000001,12_16,"23",1254.90025423000
16.00000000000,12.00000000000,VILLA PUEYRREDON,96243.48070000000,105914.83550000000,13_16,"23",487.80188038700
16.00000000000,12.00000000000,VILLA URQUIZA,97584.42250000000,105253.79420000000,14_16,"23",1918.19215383000
16.00000000000,11.00000000000,VILLA DEVOTO,95539.44920000000,104784.89070000000,15_16,"23",1085.17532830000
16.00000000000,11.00000000000,VILLA DEVOTO,95942.41730000000,104242.88610000000,16_16,"23",1614.74892002000
16.00000000000,12.00000000000,VILLA URQUIZA,96019.51700000001,106656.82810000000,18_16,"23",849.95719947100
16.00000000000,12.00000000000,VILLA PUEYRREDON,97430.41250000001,104931.80800000000,19_16,"23",1904.53097885000
16.00000000000,12.00000000000,VILLA PUEYRREDON,96323.46850000000,105667.83779999999,22_16,"23",591.01610150000
16.00000000000,12.00000000000,VILLA PUEYRREDON,96571.46380000000,105689.82690000000,23_16,"23",826.24580919100
16.00000000000,12.00000000000,VILLA PUEYRREDON,96107.45239999999,105166.85820000000,24_16,"23",763.88573046000
8.00000000000,7.00000000000,PARQUE CHACABUCO,101940.07300000000,99285.74670000000,7_8,"14",862.23744143000
8.00000000000,6.00000000000,CABALLITO,102659.11120000000,100583.68710000000,8_8,"1",2257.60540716000
8.00000000000,6.00000000000,CABALLITO,103243.10460000001,100743.65889999999,9_8,"1",1865.65269242000
8.00000000000,7.00000000000,PARQUE CHACABUCO,102484.04850000000,98996.73050000001,10_8,"14",774.25875167600
8.00000000000,6.00000000000,CABALLITO,103035.11050000000,100770.66700000000,11_8,"1",1916.26465371000
8.00000000000,6.00000000000,CABALLITO,102022.11300000000,100283.72060000000,14_8,"14",1860.83210723000
8.00000000000,7.00000000000,PARQUE CHACABUCO,102432.04710000000,98935.73400000000,15_8,"14",694.14973599900
8.00000000000,5.00000000000,ALMAGRO,103548.13780000000,101698.62440000000,16_8,"1",863.25048342500
17.00000000000,11.00000000000,VILLA DEL PARQUE,97347.24290000000,102767.99890000001,1_17,"29",1307.01937623000
17.00000000000,11.00000000000,VILLA DEL PARQUE,97598.32160000000,102858.84800000000,3_17,"29",1087.19757687000
17.00000000000,11.00000000000,VILLA DEVOTO,95281.35400000001,102376.95620000000,4_17,"17",2615.95596288000
17.00000000000,11.00000000000,VILLA DEL PARQUE,97932.33390000000,103332.82320000000,5_17,"29",1075.47019512000
17.00000000000,11.00000000000,VILLA DEVOTO,94578.34280000000,101732.00040000000,6_17,"17",2951.92882818000
17.00000000000,11.00000000000,VILLA SANTA RITA,98426.27550000000,102209.82799999999,7_17,"29",365.49292305000
17.00000000000,11.00000000000,VILLA DEL PARQUE,96339.36130000000,103122.89490000000,8_17,"29",2369.56815304000
17.00000000000,11.00000000000,VILLA DEVOTO,95723.31299999999,101639.95440000000,9_17,"17",1852.90128611000
17.00000000000,11.00000000000,VILLA DEL PARQUE,97662.30520000000,102501.85340000001,10_17,"29",967.06269774700
21.00000000000,8.00000000000,VILLA LUGANO,99624.08850000000,93707.18070000000,1_21,"20",319.31920905500
12.00000000000,7.00000000000,FLORES,99850.17879999999,100675.80300000000,15_12,"29",2206.49160682000
12.00000000000,10.00000000000,FLORESTA,97472.24930000000,101068.89390000000,16_12,"17",257.54627625100
12.00000000000,11.00000000000,VILLA SANTA RITA,98525.25629999999,101804.83300000000,17_12,"29",716.51000005200
13.00000000000,8.00000000000,VILLA LUGANO,97953.01850000001,95833.99260000000,22_13,"3",959.51253734200
13.00000000000,9.00000000000,PARQUE AVELLANEDA,97509.12420000001,98109.95950000000,24_13,"19",1827.86761294000
14.00000000000,15.00000000000,CHACARITA,100969.29600000000,104070.67890000000,1_14,"8",1230.23512942000
14.00000000000,15.00000000000,VILLA ORTUZAR,100061.36610000000,105248.69030000000,2_14,"22",1706.54059544000
14.00000000000,15.00000000000,VILLA ORTUZAR,99262.36900000001,104887.73209999999,3_14,"22",1718.34959626000
14.00000000000,15.00000000000,VILLA ORTUZAR,99964.34329999999,104654.70780000000,4_14,"8",2027.57230986000
14.00000000000,15.00000000000,PARQUE CHAS,99066.38390000000,105134.73470000000,5_14,"22",1452.87126048000
14.00000000000,15.00000000000,CHACARITA,100826.30050000000,104101.68420000000,8_14,"8",1335.63897454000
14.00000000000,15.00000000000,PATERNAL,99591.28890000000,103155.75750000001,10_14,"29",1156.54964359000
14.00000000000,15.00000000000,VILLA CRESPO,100623.17170000001,103272.04979999999,11_14,"8",2018.87513639000
21.00000000000,8.00000000000,VILLA LUGANO,99181.94550000000,94759.96530000000,3_21,"15",491.12212070000
21.00000000000,8.00000000000,VILLA LUGANO,99450.96070000000,95266.94250000000,4_21,"15",234.85911045400
21.00000000000,8.00000000000,VILLA LUGANO,99787.91490000000,94359.94890000000,5_21,"20",514.75027000700
21.00000000000,8.00000000000,VILLA LUGANO,99962.89990000000,94097.52200000000,6_21,"20",245.67701980900
8.00000000000,5.00000000000,BOEDO,103379.07870000000,100200.66550000000,6_8,"26",1566.52458731000
8.00000000000,7.00000000000,PARQUE CHACABUCO,102697.07550000001,99754.70430000000,17_8,"14",1519.79586259000
8.00000000000,5.00000000000,BOEDO,103734.01470000000,98867.68090000001,20_8,"16",1238.39666619000
8.00000000000,7.00000000000,PARQUE CHACABUCO,103002.03449999999,98943.70990000000,21_8,"16",831.93924026800
8.00000000000,7.00000000000,PARQUE CHACABUCO,102652.07290000000,99667.70819999999,22_8,"14",1421.88599914000
8.00000000000,7.00000000000,PARQUE CHACABUCO,102511.04399999999,98903.73140000000,23_8,"14",728.29484463500
8.00000000000,7.00000000000,PARQUE CHACABUCO,103481.03170000001,99135.68540000000,24_8,"16",1237.89056298000
9.00000000000,14.00000000000,PALERMO,103079.27619999999,104739.57510000000,1_9,"8",1090.18640616000
9.00000000000,15.00000000000,VILLA CRESPO,102267.25300000000,103749.63170000000,2_9,"8",1046.51458829000
3.00000000000,1.00000000000,SAN TELMO,107932.71769999999,101293.07670000001,1_3,"11",533.45260660300
3.00000000000,1.00000000000,MONTSERRAT,107725.03879999999,101599.45120000000,3_3,"11",896.95151394400
3.00000000000,1.00000000000,MONTSERRAT,107902.03930000000,101706.44140000000,4_3,"11",880.02054804500
3.00000000000,1.00000000000,CONSTITUCION,106883.02820000000,100891.50270000000,5_3,"11",1448.45847889000
3.00000000000,1.00000000000,CONSTITUCION,107439.02180000000,101039.47590000000,7_3,"11",897.48754758200
3.00000000000,3.00000000000,BALVANERA,106145.08259999999,101787.51330000001,9_3,"21",2062.84356421000
5.00000000000,4.00000000000,PARQUE PATRICIOS,104997.96679999999,98409.63820000000,19_5,"26",1400.41440127000
5.00000000000,4.00000000000,BARRACAS,107851.89850000000,97690.81849999999,20_5,"27",337.11563710800
5.00000000000,4.00000000000,NUEVA POMPEYA,104404.94259999999,97513.68339999999,23_5,"7",1509.74035618000
5.00000000000,4.00000000000,NUEVA POMPEYA,104908.92920000000,97467.66330000000,24_5,"7",1027.80306943000
5.00000000000,4.00000000000,PARQUE PATRICIOS,106151.94460000000,98506.58749999999,25_5,"28",959.76327574600
10.00000000000,12.00000000000,SAAVEDRA,98988.56090000000,109307.64320000001,13_10,"9",1176.57548545000
10.00000000000,12.00000000000,SAAVEDRA,98650.52129999999,108182.68290000000,14_10,"9",1190.61193265000
10.00000000000,12.00000000000,SAAVEDRA,98759.58450000000,109745.64290000001,15_10,"9",1150.76156627000
10.00000000000,13.00000000000,NUÃ‘EZ,99499.48800000000,107848.65489999999,16_10,"22",1357.19458182000
10.00000000000,13.00000000000,BELGRANO,100604.46890000001,107989.60530000000,17_10,"22",2130.59296055000
10.00000000000,12.00000000000,VILLA URQUIZA,99504.42010000000,106233.69130000001,18_10,"22",614.19288123500
10.00000000000,13.00000000000,BELGRANO,99811.46620000000,107497.64969999999,19_10,"22",1219.42284285000
9.00000000000,13.00000000000,COLEGIALES,101940.36710000000,106288.58779999999,3_9,"8",1530.82175562000
9.00000000000,14.00000000000,PALERMO,103260.24410000000,104073.58259999999,4_9,"8",1443.81080763000
9.00000000000,14.00000000000,PALERMO,102685.38790000000,107185.53610000000,5_9,"8",2524.85205030000
9.00000000000,14.00000000000,PALERMO,102986.32470000000,105843.55390000000,6_9,"8",1473.56318651000
9.00000000000,13.00000000000,COLEGIALES,100800.38800000001,106169.63830000001,7_9,"8",1845.15134197000
9.00000000000,14.00000000000,PALERMO,102735.36480000000,106663.54580000001,8_9,"8",2045.89855877000
9.00000000000,14.00000000000,PALERMO,102243.30740000001,105031.60360000000,9_9,"8",372.96468540200
9.00000000000,14.00000000000,PALERMO,101830.38400000001,106630.58460000000,10_9,"8",1878.76693638000
9.00000000000,14.00000000000,PALERMO,103897.53599999999,104749.11430000000,11_9,"21",1659.61059122000
9.00000000000,13.00000000000,COLEGIALES,101014.37040000000,105866.63630000000,12_9,"8",1475.89360342000
9.00000000000,13.00000000000,COLEGIALES,101605.34140000000,105494.61990000001,13_9,"8",830.17652364900
9.00000000000,14.00000000000,PALERMO,101807.31909999999,105074.62089999999,14_9,"8",364.69633717300
10.00000000000,12.00000000000,SAAVEDRA,97865.56240000000,108736.70340000000,25_10,"9",318.76433820800
11.00000000000,10.00000000000,VELEZ SARSFIELD,98035.15979999999,99242.91170000000,1_11,"17",1710.03593489000
11.00000000000,10.00000000000,VELEZ SARSFIELD,97967.16240000000,99267.91400000000,2_11,"17",1662.00920942000
11.00000000000,10.00000000000,VELEZ SARSFIELD,98303.08980000000,99402.89710000000,3_11,"17",1691.78611262000
11.00000000000,7.00000000000,FLORES,100526.05750000000,98151.83190000000,4_11,"24",1078.82782322000
11.00000000000,7.00000000000,FLORES,99433.10810000000,98767.86380000001,5_11,"24",2223.42185958000
11.00000000000,7.00000000000,FLORES,100563.08160000000,98745.81680000000,6_11,"24",1141.98085826000
11.00000000000,7.00000000000,PARQUE CHACABUCO,101394.75620000000,98973.27980000000,7_11,"24",737.07714839200
12.00000000000,10.00000000000,FLORESTA,98468.17340000000,99799.88090000000,3_12,"17",1489.84051448000
12.00000000000,11.00000000000,VILLA GRAL. MITRE,99655.46649999999,101459.79350000000,4_12,"29",1471.00364778000
12.00000000000,7.00000000000,FLORES,99573.19610000000,100937.80860000000,5_12,"29",1836.99196597000
12.00000000000,11.00000000000,VILLA GRAL. MITRE,99092.21210000000,102406.51940000000,6_12,"29",475.17447980100
12.00000000000,11.00000000000,VILLA SANTA RITA,98281.26660000000,101918.84060000000,7_12,"29",689.23157289300
12.00000000000,11.00000000000,VILLA SANTA RITA,98394.24720000000,101516.84500000000,8_12,"29",1024.23917937000
12.00000000000,10.00000000000,FLORESTA,98645.17170000001,99855.87220000000,9_12,"17",1587.99036589000
12.00000000000,10.00000000000,FLORESTA,97348.24350000000,100864.90380000000,10_12,"17",55.65755765330
12.00000000000,10.00000000000,FLORESTA,97841.22910000000,100788.88480000000,11_12,"17",455.03534755700
12.00000000000,7.00000000000,FLORES,99675.17560000000,100504.81419999999,12_12,"29",2264.88140749000
12.00000000000,11.00000000000,VILLA GRAL. MITRE,99251.93600000000,101155.35470000000,14_12,"29",1494.29533679000
7.00000000000,11.00000000000,VILLA GRAL. MITRE,100032.25719999999,102641.75070000000,18_7,"29",1408.78955573000
7.00000000000,6.00000000000,CABALLITO,100920.12430000000,102332.01930000000,19_7,"29",2298.02654369000
13.00000000000,8.00000000000,VILLA LUGANO,97588.03530000000,96037.00330000000,11_13,"3",790.00706483800
13.00000000000,9.00000000000,MATADEROS,97188.07840000000,96846.00169999999,12_13,"19",1208.04446266000
13.00000000000,9.00000000000,MATADEROS,96877.12540000000,97796.99320000000,13_13,"19",1134.07118246000
13.00000000000,9.00000000000,MATADEROS,97301.06939999999,96694.00040000000,14_13,"3",1283.08266136000
13.00000000000,8.00000000000,VILLA LUGANO,99194.99670000000,95984.93690000000,15_13,"25",603.66455116400
13.00000000000,9.00000000000,PARQUE AVELLANEDA,98321.09699999999,97901.93010000000,16_13,"25",1506.70328306000
13.00000000000,9.00000000000,PARQUE AVELLANEDA,98407.09190000000,97825.92830000000,18_13,"25",1400.88279958000
16.00000000000,11.00000000000,VILLA DEVOTO,95591.40650000000,103795.91099999999,1_16,"23",2058.37582233000
16.00000000000,11.00000000000,VILLA DEVOTO,96215.39780000001,103926.88180000000,2_16,"23",1973.62869073000
1.00000000000,2.00000000000,RECOLETA,105584.16420000000,103427.49970000000,23_1,"21",759.93612356400
1.00000000000,2.00000000000,RECOLETA,105659.20990000000,104555.47090000000,24_1,"21",1445.95604598000
1.00000000000,1.00000000000,RETIRO,107096.44310000000,105638.15310000000,25_1,"10",1356.77681185000
1.00000000000,14.00000000000,PALERMO,104883.48520000000,105126.09560000000,26_1,"21",1753.41923283000
21.00000000000,8.00000000000,VILLA LUGANO,98402.96270000000,94747.99830000001,8_21,"5",977.75162191700
21.00000000000,8.00000000000,VILLA LUGANO,99987.16540000000,93389.31430000000,9_21,"18",433.30598328200
21.00000000000,8.00000000000,VILLA LUGANO,99959.90150000001,94133.94680000001,10_21,"20",280.61135922200
2.00000000000,6.00000000000,CABALLITO,102856.28770000000,102762.75820000000,7_2,"1",1002.26418190000
2.00000000000,14.00000000000,PALERMO,103972.62160000000,104059.55260000000,9_2,"21",1094.99158560000
2.00000000000,2.00000000000,RECOLETA,105403.19700000000,104111.49170000000,10_2,"21",936.72660757400
2.00000000000,5.00000000000,ALMAGRO,103371.19110000000,102871.60520000001,11_2,"1",578.91433260900
2.00000000000,3.00000000000,BALVANERA,105323.14950000000,102935.52180000000,14_2,"21",662.52741343200
2.00000000000,3.00000000000,BALVANERA,105225.13340000001,102500.53580000000,16_2,"21",959.92764886200
2.00000000000,6.00000000000,CABALLITO,102532.20710000000,102799.64210000000,17_2,"1",1326.16107170000
2.00000000000,3.00000000000,BALVANERA,105051.17419999999,103376.52320000000,23_2,"21",225.05206979200
2.00000000000,3.00000000000,BALVANERA,105107.16610000000,103214.52450000000,24_2,"21",322.93144247000
2.00000000000,2.00000000000,RECOLETA,104406.19800000000,103595.54530000000,13_2,"21",474.97939429000
2.00000000000,2.00000000000,RECOLETA,105118.19259999999,103850.50960000000,2_2,"21",559.21667270600
2.00000000000,5.00000000000,ALMAGRO,103045.20000000000,102906.61810000001,3_2,"1",874.71068822200
2.00000000000,14.00000000000,PALERMO,104235.22550000000,104156.53980000000,4_2,"21",980.89416078300
2.00000000000,14.00000000000,PALERMO,104446.22570000000,104276.52820000000,5_2,"21",979.58616716300
2.00000000000,3.00000000000,BALVANERA,104846.15150000001,102724.54660000000,6_2,"21",649.37610562400
4.00000000000,4.00000000000,BOCA,109336.91660000000,99560.42980000000,1_4,"2",385.46182840800
4.00000000000,4.00000000000,BOCA,109314.92130000000,99661.42840000000,2_4,"2",363.16413879300
4.00000000000,4.00000000000,BOCA,108744.88930000000,98591.47670000000,3_4,"4",273.68706440000
4.00000000000,4.00000000000,BOCA,108965.88230000000,98542.46850000000,4_4,"4",253.69814678900
3.00000000000,1.00000000000,CONSTITUCION,106969.01970000000,100734.50260000001,11_3,"11",1376.83089256000
3.00000000000,1.00000000000,MONTSERRAT,106940.61229999999,101668.86470000001,14_3,"11",1570.59446517000
3.00000000000,3.00000000000,BALVANERA,105804.07600000000,101445.53539999999,15_3,"26",1874.39051325000
3.00000000000,1.00000000000,CONSTITUCION,107380.01010000000,100735.02710000001,16_3,"11",972.13821802900
3.00000000000,3.00000000000,SAN CRISTOBAL,106579.01970000000,100525.52370000001,21_3,"11",1799.60918726000
3.00000000000,3.00000000000,SAN CRISTOBAL,106579.01970000000,100525.52370000001,22_3,"11",1799.60918726000
3.00000000000,3.00000000000,SAN CRISTOBAL,106040.05170000000,100994.53569999999,23_3,"26",1650.08571885000
3.00000000000,3.00000000000,SAN CRISTOBAL,106053.03879999999,100694.54200000000,25_3,"26",1459.36390404000
4.00000000000,4.00000000000,BOCA,108676.90889999999,99020.46980000001,13_4,"4",339.54290220300
4.00000000000,4.00000000000,BOCA,109680.28920000000,99445.03300000000,14_4,"2",322.31656190300
4.00000000000,4.00000000000,BOCA,108707.92750000001,99480.45800000000,18_4,"4",721.76192744800
4.00000000000,4.00000000000,BOCA,108808.86120000000,97955.48840000000,19_4,"30",150.28403692200
4.00000000000,1.00000000000,SAN TELMO,108174.45849999999,101135.83749999999,21_4,"11",252.19521454800
4.00000000000,1.00000000000,SAN TELMO,108499.77499999999,100960.46020000000,22_4,"11",170.53005078700
4.00000000000,4.00000000000,BARRACAS,108029.88110000000,98008.52000000000,24_4,"27",527.43374894300
4.00000000000,1.00000000000,SAN TELMO,108515.98920000000,100844.43520000001,26_4,"11",207.49110610200
4.00000000000,1.00000000000,SAN TELMO,108430.97700000000,100507.44640000000,27_4,"11",441.97387981900
4.00000000000,4.00000000000,BARRACAS,107841.89980000000,98352.52000000000,28_4,"27",907.64022998400
5.00000000000,4.00000000000,BARRACAS,107897.94620000001,99486.49189999999,1_5,"4",1242.67673338000
5.00000000000,4.00000000000,PARQUE PATRICIOS,104769.99300000000,98911.63640000000,2_5,"26",903.34758489900
5.00000000000,4.00000000000,BARRACAS,106851.36390000000,98837.93630000000,8_5,"28",1062.36959034000
5.00000000000,4.00000000000,BARRACAS,106964.16140000000,97339.06269999999,9_5,"28",477.37936109400
5.00000000000,4.00000000000,BARRACAS,105379.00290000001,97683.70950000000,10_5,"7",814.22957410900
5.00000000000,4.00000000000,BARRACAS,106688.86719999999,96951.60020000000,11_5,"28",831.25398700700
5.00000000000,4.00000000000,BARRACAS,106073.27310000001,97417.31890000000,12_5,"7",482.73430453600
5.00000000000,4.00000000000,BARRACAS,107405.66980000000,98105.51720000000,13_5,"28",708.87443625300
5.00000000000,4.00000000000,NUEVA POMPEYA,104582.97330000000,98340.65720000000,14_5,"26",1498.49233391000
5.00000000000,4.00000000000,BARRACAS,108087.92610000000,99111.49249999999,15_5,"4",899.61576777000
5.00000000000,4.00000000000,NUEVA POMPEYA,105118.92290000001,97430.65530000000,16_5,"7",826.09439911200
5.00000000000,4.00000000000,NUEVA POMPEYA,104440.94190000001,97517.68180000001,17_5,"7",1477.30244073000
5.00000000000,4.00000000000,PARQUE PATRICIOS,106462.97390000000,99372.55480000000,18_5,"28",1624.98639006000
5.00000000000,4.00000000000,PARQUE PATRICIOS,106142.99870000000,99789.55880000000,26_5,"26",1247.96675685000
10.00000000000,13.00000000000,BELGRANO,100405.44130000001,107224.63099999999,5_10,"22",1542.37300711000
10.00000000000,12.00000000000,SAAVEDRA,98806.55630000000,109098.65560000000,6_10,"9",968.00712496500
10.00000000000,13.00000000000,NUÃ‘EZ,99609.52840000000,108868.62710000000,7_10,"9",1779.69038796000
10.00000000000,13.00000000000,BELGRANO,101883.46210000000,108518.53960000000,8_10,"22",3469.90673925000
14.00000000000,11.00000000000,VILLA GRAL. MITRE,99280.28270000000,102840.77770000001,16_14,"29",728.51409969900
14.00000000000,13.00000000000,COLEGIALES,100226.39350000001,105989.66650000001,17_14,"22",1362.47675033000
14.00000000000,15.00000000000,CHACARITA,100921.33860000000,105059.65850000001,18_14,"8",1109.55549560000
6.00000000000,3.00000000000,BALVANERA,105674.09830000000,101905.53040000000,1_6,"21",1695.37668199000
6.00000000000,4.00000000000,PARQUE PATRICIOS,105253.01260000000,99637.59960000000,2_6,"26",395.62689848700
6.00000000000,3.00000000000,SAN CRISTOBAL,105113.07279999999,100996.57460000001,3_6,"26",1210.08744258000
6.00000000000,5.00000000000,ALMAGRO,103760.10850000000,101115.62880000001,4_6,"1",1401.39982285000
6.00000000000,3.00000000000,BALVANERA,105269.09209999999,101540.55570000000,5_6,"1",1740.22283571000
6.00000000000,3.00000000000,BALVANERA,105562.07500000000,101291.54910000000,6_6,"26",1628.14099473000
6.00000000000,3.00000000000,SAN CRISTOBAL,104905.03640000000,100017.60560000000,7_6,"26",211.56430366400
6.00000000000,5.00000000000,BOEDO,104478.02510000000,99464.41150000000,8_6,"26",539.31174060100
6.00000000000,3.00000000000,SAN CRISTOBAL,105655.02920000000,100251.56879999999,10_6,"26",880.74645827000
6.00000000000,3.00000000000,SAN CRISTOBAL,104880.06280000000,100632.59269999999,11_6,"26",826.45760492700
6.00000000000,3.00000000000,BALVANERA,104746.09269999999,101270.58379999999,12_6,"26",1471.87745231000
6.00000000000,3.00000000000,BALVANERA,104875.11180000000,101795.56650000000,13_6,"1",1271.04434317000
11.00000000000,7.00000000000,FLORES,99978.12639999999,99496.82429999999,8_11,"24",2035.75035868000
11.00000000000,7.00000000000,FLORES,99432.14500000000,99644.84390000001,9_11,"17",2360.95121424000
11.00000000000,7.00000000000,FLORES,99790.11580000000,99143.84020000001,10_11,"24",2010.99087601000
11.00000000000,9.00000000000,PARQUE AVELLANEDA,99467.09350000000,98436.86990000001,11_11,"0",1933.56468671000
11.00000000000,7.00000000000,FLORES,100286.09890000000,99009.82249999999,12_11,"24",1509.37569871000
11.00000000000,7.00000000000,FLORES,101442.05700000000,98634.78240000000,13_11,"24",401.63956923200
11.00000000000,10.00000000000,FLORESTA,99090.13850000000,99304.86599999999,14_11,"17",2282.77999943000
11.00000000000,7.00000000000,FLORES,100724.12740000000,99924.78330000000,15_11,"24",1876.16840642000
11.00000000000,7.00000000000,FLORES,99824.08300000000,98379.85619999999,16_11,"24",1778.55509760000
11.00000000000,9.00000000000,PARQUE AVELLANEDA,98802.47880000000,98462.65360000001,17_11,"25",1917.54841370000
11.00000000000,10.00000000000,FLORESTA,98799.13619999999,99094.88300000000,19_11,"17",2233.31354712000
14.00000000000,15.00000000000,VILLA CRESPO,100982.89730000000,103555.66060000000,12_14,"8",1568.34019749000
14.00000000000,15.00000000000,PATERNAL,100206.29350000000,103598.72169999999,13_14,"29",1914.18124370000
14.00000000000,15.00000000000,CHACARITA,101287.32630000000,104964.64520000000,14_14,"8",731.56015127800
14.00000000000,15.00000000000,PATERNAL,99781.28000000000,103047.75199999999,15_14,"29",1269.73570233000
6.00000000000,5.00000000000,BOEDO,104034.61400000000,100606.00810000001,14_6,"26",1174.77162147000
6.00000000000,4.00000000000,PARQUE PATRICIOS,105605.00010000000,99530.58730000000,93_6,"26",761.51054287100
7.00000000000,6.00000000000,CABALLITO,102096.17920000000,101899.68090000001,20_7,"1",1837.59620188000
8.00000000000,6.00000000000,CABALLITO,101486.12460000000,100269.74350000000,3_8,"14",1906.58418107000
8.00000000000,6.00000000000,CABALLITO,102131.10330000000,100110.72000000000,4_8,"14",1695.23200662000
10.00000000000,13.00000000000,BELGRANO,100839.44409999999,107526.60590000000,1_10,"22",2064.64621079000
10.00000000000,13.00000000000,BELGRANO,100524.42980000000,107015.63069999999,3_10,"22",1582.40108698000
10.00000000000,13.00000000000,NUÃ‘EZ,99533.51949999999,108616.63600000000,4_10,"9",1749.61059220000
14.00000000000,15.00000000000,PATERNAL,99599.32990000000,104137.73490000000,20_14,"29",1891.63867014000
14.00000000000,15.00000000000,VILLA CRESPO,101048.27350000000,103576.68680000000,21_14,"8",1510.70817820000
14.00000000000,15.00000000000,AGRONOMIA,98611.35560000000,104215.77469999999,22_14,"29",1702.11974811000
14.00000000000,15.00000000000,PATERNAL,100572.27630000000,103387.71110000000,23_14,"8",1971.55244063000
14.00000000000,11.00000000000,VILLA DEL PARQUE,98307.30310000000,102801.81950000000,24_14,"29",432.04506685100
14.00000000000,15.00000000000,AGRONOMIA,97655.35000000001,103564.82960000000,25_14,"29",1432.94721944000
14.00000000000,11.00000000000,VILLA DEL PARQUE,98846.28479999999,102655.80020000000,26_14,"29",259.35130026200
15.00000000000,12.00000000000,VILLA URQUIZA,97582.47110000000,106409.76810000000,1_15,"22",1429.87523274000
15.00000000000,12.00000000000,VILLA URQUIZA,97774.45940000001,106234.76400000000,2_15,"22",1276.29151634000
15.00000000000,12.00000000000,VILLA URQUIZA,97954.50659999999,107456.72870000001,3_15,"22",1361.59503887000
15.00000000000,12.00000000000,VILLA URQUIZA,98088.46480000000,106532.74400000001,4_15,"22",914.52158283700
15.00000000000,12.00000000000,VILLA URQUIZA,98459.43150000001,105939.74189999999,8_15,"22",843.56676012100
15.00000000000,12.00000000000,VILLA URQUIZA,98413.41820000000,105598.75150000000,9_15,"22",1149.22340271000
15.00000000000,12.00000000000,VILLA URQUIZA,98054.42019999999,105452.76990000000,10_15,"22",1476.94834606000
15.00000000000,12.00000000000,VILLA URQUIZA,97401.49020000000,106766.76750000000,11_15,"22",1610.09765472000
16.00000000000,15.00000000000,AGRONOMIA,97068.39550000000,104331.83680000000,3_16,"23",2001.91885374000
16.00000000000,15.00000000000,AGRONOMIA,96983.39470000000,104267.84190000000,4_16,"23",1997.64919175000
16.00000000000,11.00000000000,VILLA DEVOTO,95507.44379999999,104638.89539999999,5_16,"23",1234.62995652000
16.00000000000,12.00000000000,VILLA URQUIZA,96983.46620000000,105969.80319999999,6_16,"23",1229.21082643000
17.00000000000,10.00000000000,VILLA REAL,94314.31440000000,100912.03010000000,14_17,"17",3074.57955345000
17.00000000000,11.00000000000,VILLA DEVOTO,95349.17830000000,103167.93500000000,15_17,"23",2710.77331573000
17.00000000000,11.00000000000,VILLA DEVOTO,94475.34260000000,101670.00610000000,16_17,"17",3032.27321956000
17.00000000000,11.00000000000,VILLA DEL PARQUE,97050.35840000000,103438.85780000000,17_17,"29",1829.99052281000
18.00000000000,10.00000000000,MONTE CASTRO,96256.28090000000,101162.94280000000,3_18,"17",1180.61177679000
18.00000000000,10.00000000000,VELEZ SARSFIELD,96500.25229999999,100614.94500000001,4_18,"17",912.09368839500
18.00000000000,10.00000000000,VILLA LURO,96462.18880000000,99081.98140000000,7_18,"17",1974.04116446000
18.00000000000,10.00000000000,VILLA LURO,96986.18420000000,99256.95540000001,8_18,"17",1619.23866532000
18.00000000000,10.00000000000,MONTE CASTRO,96789.28900000000,101645.90949999999,9_18,"17",1015.34839749000
18.00000000000,10.00000000000,VELEZ SARSFIELD,96735.21339999999,99816.95329999999,10_18,"17",1201.30673563000
18.00000000000,10.00000000000,FLORESTA,97575.21110000000,100214.90900000000,11_18,"17",638.86329735600
18.00000000000,10.00000000000,FLORESTA,97032.24559999999,100742.91980000000,13_18,"17",364.93028942500
18.00000000000,10.00000000000,VERSALLES,94029.28150000000,99974.06340000000,14_18,"17",3464.67912938000
18.00000000000,10.00000000000,VELEZ SARSFIELD,97279.22530000001,100393.91730000000,15_18,"17",445.12570836200
18.00000000000,10.00000000000,VERSALLES,94574.27009999999,99999.03990000000,16_18,"17",2932.32368370000
18.00000000000,10.00000000000,MONTE CASTRO,96114.30020000000,101547.94010000001,17_18,"17",1463.97725290000
18.00000000000,10.00000000000,MONTE CASTRO,96002.24800000001,100243.97440000001,18_18,"17",1502.57859307000
18.00000000000,9.00000000000,LINIERS,94526.23810000000,99210.05989999999,20_18,"19",2594.96844709000
18.00000000000,9.00000000000,LINIERS,94063.24050000000,99018.08360000000,22_18,"19",2744.47853749000
19.00000000000,4.00000000000,NUEVA POMPEYA,103627.98770000000,98167.70120000000,10_19,"16",911.98670163800
19.00000000000,4.00000000000,NUEVA POMPEYA,102852.99630000000,97952.73860000000,11_19,"16",250.51171257100
19.00000000000,7.00000000000,FLORES,102043.02550000000,98209.76680000000,12_19,"14",228.44258985100
19.00000000000,4.00000000000,NUEVA POMPEYA,102883.84400000000,97296.25139999999,13_19,"13",743.75781115000
19.00000000000,8.00000000000,VILLA SOLDATI,102644.93470000000,96375.78320000001,14_19,"6",841.66188631400
19.00000000000,8.00000000000,VILLA SOLDATI,101873.95180000000,96363.81580000000,15_19,"6",399.65098555500
19.00000000000,8.00000000000,VILLA SOLDATI,101752.97229999999,96786.81130000000,16_19,"6",835.88790054900
19.00000000000,8.00000000000,VILLA SOLDATI,101764.93720000000,95947.28720000001,17_19,"6",146.12516603300
19.00000000000,8.00000000000,VILLA SOLDATI,101764.93720000000,95947.28720000001,18_19,"6",146.12516603300
19.00000000000,8.00000000000,VILLA SOLDATI,100664.99390000000,96714.85860000001,19_19,"12",121.56548077000
20.00000000000,9.00000000000,LINIERS,94517.16430000000,97448.10020000000,1_20,"19",1530.89747342000
20.00000000000,9.00000000000,LINIERS,94262.17730000000,97620.10700000000,2_20,"19",1823.08688071000
20.00000000000,9.00000000000,LINIERS,94207.22390000000,98699.08490000000,3_20,"19",2420.13522351000
20.00000000000,9.00000000000,LINIERS,94681.21570000000,98760.06350000000,4_20,"19",2140.55154335000
20.00000000000,9.00000000000,MATADEROS,96370.07429999999,96307.04829999999,5_20,"19",852.14107251200
20.00000000000,9.00000000000,MATADEROS,96534.01979999999,95099.06879999999,6_20,"3",640.70701902600
21.00000000000,8.00000000000,VILLA LUGANO,100416.87660000000,93787.93550000001,2_21,"18",492.31331343800
20.00000000000,9.00000000000,MATADEROS,95681.22210000000,96500.92930000000,7_20,"19",658.18625223800
20.00000000000,9.00000000000,LINIERS,95525.18760000000,98548.03290000001,8_20,"19",1547.70600243000
20.00000000000,9.00000000000,LINIERS,95547.59940000001,98438.28470000000,9_20,"19",1436.44605809000
20.00000000000,9.00000000000,LINIERS,95234.15340000000,97577.06720000000,10_20,"19",917.12733352100
20.00000000000,9.00000000000,MATADEROS,96441.05420000000,95866.05530000001,11_20,"3",776.16612352100
20.00000000000,10.00000000000,VILLA LURO,95830.19000000000,98771.01500000000,12_20,"19",1704.08042563000
20.00000000000,9.00000000000,MATADEROS,95718.10790000000,96754.06550000000,13_20,"19",428.98387415400
20.00000000000,9.00000000000,MATADEROS,96240.05970000000,95890.06320000000,14_20,"3",960.40296929100
20.00000000000,9.00000000000,LINIERS,94776.19210000000,98250.07110000000,15_20,"19",1697.66694859000
20.00000000000,9.00000000000,MATADEROS,95872.13290000000,97433.04360000000,16_20,"19",380.30174842900
20.00000000000,9.00000000000,LINIERS,94053.22470000001,98636.09280000000,17_20,"19",2496.60043501000
20.00000000000,9.00000000000,LINIERS,94941.21170000000,98805.05160000001,18_20,"19",2028.87037231000
20.00000000000,9.00000000000,MATADEROS,96863.03400000000,95614.04330000000,19_20,"3",286.96923972300
20.00000000000,9.00000000000,MATADEROS,95905.13499999999,97501.04070000000,20_20,"19",436.31824842100
20.00000000000,8.00000000000,VILLA LUGANO,97208.97500000001,94395.05650000001,21_20,"5",307.73395791300
21.00000000000,8.00000000000,VILLA RIACHUELO,99644.86370000000,93061.98440000000,16_21,"18",806.61630149100
21.00000000000,8.00000000000,VILLA RIACHUELO,100189.65440000000,93182.71550000001,18_21,"18",688.20959205300
1.00000000000,1.00000000000,SAN NICOLAS,107298.10980000001,103058.43610000001,7_1,"10",2118.32138561000
9.00000000000,13.00000000000,COLEGIALES,101370.36620000000,105959.61920000000,15_9,"8",1351.14689490000
1.00000000000,2.00000000000,RECOLETA,105320.23840000000,105051.47390000000,18_1,"21",1749.09836309000
12.00000000000,11.00000000000,VILLA SANTA RITA,98541.24120000000,101453.84030000000,25_12,"29",1063.56048670000
10.00000000000,13.00000000000,BELGRANO,101706.44190000001,107943.56000000000,23_10,"22",3026.49424426000
2.00000000000,3.00000000000,BALVANERA,104769.17359999999,103209.53879999999,8_2,"21",173.68377181600
7.00000000000,6.00000000000,CABALLITO,101399.92359999999,101690.46630000000,10_7,"1",2563.96023813000
21.00000000000,8.00000000000,VILLA LUGANO,99655.44050000000,94742.86380000001,19_21,"15",332.21080735100
9.00000000000,14.00000000000,PALERMO,102735.70580000000,104374.59819999999,23_9,"8",839.40786081800
5.00000000000,4.00000000000,BARRACAS,107916.18560000000,97712.35679999999,27_5,"27",303.62719313800
17.00000000000,10.00000000000,VILLA REAL,94132.20830000000,100928.99920000001,13_17,"17",3257.11213513000
19.00000000000,8.00000000000,VILLA SOLDATI,102169.45100000000,97141.62160000000,23_19,"13",644.18526360800
19.00000000000,8.00000000000,VILLA SOLDATI,101173.43030000001,96273.70310000000,24_19,"12",712.03992772100
10.00000000000,13.00000000000,BELGRANO,100704.46980000001,108064.59940000001,ENS 10_10,"22",2255.25242527000
0.00000000000,0.00000000000,,0.00000000000,0.00000000000,EII 10_10,"9",2157.62642112000
0.00000000000,0.00000000000,,0.00000000000,0.00000000000,EII 9_9,"8",3151.92004308000
1.00000000000,3.00000000000,BALVANERA,106491.11820000000,102821.47530000001,ENS 9_1,"21",1754.13990467000
1.00000000000,14.00000000000,PALERMO,104852.24180000000,104879.49739999999,Spangenber_1,"21",1506.10926214000
1.00000000000,2.00000000000,RECOLETA,106254.14360000000,103298.47440000001,ENS 1_1,"21",1429.97819299000
2.00000000000,5.00000000000,ALMAGRO,103513.19160000001,102960.59720000000,ENS 7_2,"1",544.99282715600
2.00000000000,14.00000000000,PALERMO,104331.24610000000,104699.52340000001,ENS 6_2,"21",1415.25820415000
0.00000000000,0.00000000000,,0.00000000000,0.00000000000,REC 1_1,"21",1359.59025181000
0.00000000000,0.00000000000,,0.00000000000,0.00000000000,REC 12_12,"29",1203.31234905000
0.00000000000,0.00000000000,,0.00000000000,0.00000000000,REC 14_14,"22",1385.40970111000
0.00000000000,0.00000000000,,0.00000000000,0.00000000000,REC 16_16,"23",1271.05999615000
0.00000000000,0.00000000000,,0.00000000000,0.00000000000,REC 17_17,"17",3183.14557133000
0.00000000000,0.00000000000,,0.00000000000,0.00000000000,REC 18_18,"17",440.66031713600
0.00000000000,0.00000000000,,0.00000000000,0.00000000000,REC 20_20,"5",302.49394245400
5.00000000000,4.00000000000,BARRACAS,107621.91929999999,98697.52140000000,ENS 5_5,"28",1248.69893481000
4.00000000000,1.00000000000,SAN TELMO,108289.99099999999,100765.44640000000,ENS 3_4,"11",177.20754198700
0.00000000000,0.00000000000,,0.00000000000,0.00000000000,REC 3_3,"11",628.10878939700
0.00000000000,0.00000000000,,0.00000000000,0.00000000000,REC 4_4,"2",652.13084663700
6.00000000000,3.00000000000,BALVANERA,104884.10860000001,101725.56770000000,ENS 2_6,"1",1319.15107543000
6.00000000000,4.00000000000,PARQUE PATRICIOS,105357.01230000000,99687.59410000000,ENS 11_6,"26",476.87215899100
6.00000000000,3.00000000000,SAN CRISTOBAL,105153.06100000000,100737.57880000000,ENS 8_6,"26",966.36032995900
5.00000000000,4.00000000000,PARQUE PATRICIOS,105294.62250000000,98657.71970000000,28_5,"26",1216.04160276000
0.00000000000,0.00000000000,,0.00000000000,0.00000000000,REC 6_6,"26",93.82180849440
8.00000000000,6.00000000000,CABALLITO,102568.14100000000,101244.67590000000,ENS 4_8,"1",1789.09542497000
0.00000000000,0.00000000000,,0.00000000000,0.00000000000,REC 8_8,"14",1400.15268166000
0.00000000000,0.00000000000,,0.00000000000,0.00000000000,REC 21_21,"18",417.24681672700
0.00000000000,0.00000000000,,0.00000000000,0.00000000000,IES Juan B_17,"17",1045.38117746000
